{"cameraMode":{"drawMode":0,"name":"Shaded","section":"Shading Mode"},"sceneLighting":true,"audioPlay":false,"sceneViewState":{"m_AlwaysRefresh":false,"showFog":true,"showSkybox":true,"showFlares":true,"showImageEffects":true,"showParticleSystems":true,"showVisualEffectGraphs":true,"m_FxEnabled":true},"in2DMode":false,"pivot":{"x":-0.19974330067634583,"y":2.3831913471221926,"z":-16.977293014526368},"rotation":{"x":0.000034753360523609444,"y":0.9933018088340759,"z":-0.11555130034685135,"w":0.0002987901389133185},"size":24.205677032470704,"orthographic":false}